{
  "frame_index" : 0,
  "projectionMatrix" : [
    1.6409300565719604,
    0,
    0.016322791576385498,
    0,
    0,
    2.1879067420959473,
    -0.015789151191711426,
    0,
    0,
    0,
    -0.9999997615814209,
    -0.00099999981466680765,
    0,
    0,
    -1,
    0
  ],
  "cameraPoseARFrame" : [
    -0.9717678427696228,
    -0.23461762070655823,
    0.024933978915214539,
    -1.5894906520843506,
    -0.047107595950365067,
    0.29648891091346741,
    0.95387375354766846,
    1.5309560298919678,
    -0.23118823766708374,
    0.92576932907104492,
    -0.29917064309120178,
    -1.8525519371032715,
    0,
    0,
    0,
    1.0000001192092896
  ],
  "time" : 100606.98446270835,
  "intrinsics" : [
    1575.2928466796875,
    0,
    943.83013916015625,
    0,
    1575.2928466796875,
    708.13177490234375,
    0,
    0,
    1
  ]
}