{
  "cameraPoseARFrame" : [
    -0.9997704029083252,
    -0.015758933499455452,
    -0.014512415044009686,
    -2.0849454402923584,
    -0.021201305091381073,
    0.63056266307830811,
    0.7758486270904541,
    1.6992925405502319,
    -0.0030755517072975636,
    0.77597826719284058,
    -0.6307520866394043,
    -1.7466096878051758,
    0,
    0,
    0,
    1
  ],
  "time" : 100613.32021270835,
  "intrinsics" : [
    1592.9171142578125,
    0,
    944.41259765625,
    0,
    1592.9171142578125,
    707.1956787109375,
    0,
    0,
    1
  ],
  "projectionMatrix" : [
    1.6592886447906494,
    0,
    0.015716016292572021,
    0,
    0,
    2.2123849391937256,
    -0.017089366912841797,
    0,
    0,
    0,
    -0.9999997615814209,
    -0.00099999981466680765,
    0,
    0,
    -1,
    0
  ],
  "frame_index" : 19
}