{
  "frame_index" : 43,
  "projectionMatrix" : [
    1.6522276401519775,
    0,
    0.015919387340545654,
    0,
    0,
    2.2029702663421631,
    -0.017237663269042969,
    0,
    0,
    0,
    -0.9999997615814209,
    -0.00099999981466680765,
    0,
    0,
    -1,
    0
  ],
  "cameraPoseARFrame" : [
    -0.8418007493019104,
    0.35685029625892639,
    -0.40500563383102417,
    -2.2736144065856934,
    -0.072666384279727936,
    0.66855722665786743,
    0.74010199308395386,
    1.6972372531890869,
    0.53487509489059448,
    0.65244859457015991,
    -0.53686100244522095,
    -1.9942262172698975,
    0,
    0,
    0,
    1.0000002384185791
  ],
  "time" : 100621.32348387502,
  "intrinsics" : [
    1586.1385498046875,
    0,
    944.2174072265625,
    0,
    1586.1385498046875,
    707.0888671875,
    0,
    0,
    1
  ]
}