{
  "time" : 100627.32593779168,
  "frame_index" : 61,
  "cameraPoseARFrame" : [
    -0.72219693660736084,
    -0.4933294951915741,
    0.48482757806777954,
    -0.56122446060180664,
    -0.051405470818281174,
    0.73727679252624512,
    0.67363232374191284,
    1.5110287666320801,
    -0.68977475166320801,
    0.4615723192691803,
    -0.5578189492225647,
    -1.2350616455078125,
    0,
    0,
    0,
    1.0000002384185791
  ],
  "intrinsics" : [
    1589.3018798828125,
    0,
    944.3223876953125,
    0,
    1589.3018798828125,
    706.94378662109375,
    0,
    0,
    1
  ],
  "projectionMatrix" : [
    1.6555228233337402,
    0,
    0.015810012817382812,
    0,
    0,
    2.2073636054992676,
    -0.017439126968383789,
    0,
    0,
    0,
    -0.9999997615814209,
    -0.00099999981466680765,
    0,
    0,
    -1,
    0
  ]
}