{
  "frame_index" : 38,
  "intrinsics" : [
    1591.1094970703125,
    0,
    943.95184326171875,
    0,
    1591.1094970703125,
    707.128662109375,
    0,
    0,
    1
  ],
  "cameraPoseARFrame" : [
    -0.86899083852767944,
    0.3227461576461792,
    -0.37508669495582581,
    -2.8390433788299561,
    -0.060723070055246353,
    0.68273085355758667,
    0.72814244031906128,
    1.6798343658447266,
    0.4910883903503418,
    0.6555255651473999,
    -0.57368868589401245,
    -1.8702018260955811,
    0,
    0,
    0,
    1.0000001192092896
  ],
  "projectionMatrix" : [
    1.6574057340621948,
    0,
    0.016196012496948242,
    0,
    0,
    2.2098743915557861,
    -0.017182469367980957,
    0,
    0,
    0,
    -0.9999997615814209,
    -0.00099999981466680765,
    0,
    0,
    -1,
    0
  ],
  "time" : 100619.65616041669
}